Makale_Basligi,Etiket
ASP .NET Core Bootstrap toast,0
I Built a VS Code Extension That Brings the Visual Studio Experience to .NET Developers,0
MCP (Model Context Protocol) for .NET Devs — What It Is and Why You'll Be Using It Soon,0
"Game Dev Digest — Issue #331 - AI Opinions, Grass System, How Tos, and more",1
C# got left behind in the AI Agent hype. So I fixed it! AgentDevKit,1
Structured Output in .NET Agents,0
.NET Design Patterns Deep Dive: What Still Matters in 2026,1
I wrote a .NET library for syscalls and process injection,0
"Building a Website Contact Scraper API in .NET 10: Architecture, Crawling, and Fighting Cloudflare",0
Tools and Dependency Injection in Microsoft Agent Framework,1
Why I built Parlotype: a privacy-first voice-to-English desktop app on .NET 10,0
C# Networking Deep Dive With io_uring part 2 - Bridge the Async Model,1
Modernize Legacy .NET Without a Full Rewrite: A Practical Roadmap,1
Dynamic Agent Context with AIContextProvider,1
Introducing Kiwi DI: Simplifying Dependency Injection in .NET Ecosystems,0
Why I stopped using exceptions for control flow in my .NET 8 APIs,0
Linear Search vs Binary Search (and Why It Actually Matters),1
"C# JVM Guide: JDK, CLR & Java Interop for .NET",0
I built ConfigWay — a runtime config editor for ASP.NET Core (my first open source project),1
Clean Architecture in .NET 10 — The Big Picture,1
A Semantic Kernel Alternative for .NET — When and Why You'd Reach for One,0
Why I Stopped Using MediatR and Built CQRS From Scratch in .NET 10,0
Building WeaveLLM: Why .NET Deserves a Better then LangChain,0
Chapter 12: Inference - Generating New Text,1
Debugging Production and Performance Issues in .NET — A Practical Guide,1
Building an Interactive Cohort Analysis Chart in WPF and What Happens When You Ask AI to Do It Instead,1
Chapter 11: The Full GPT - Assembling the Model,1
10 .NET Open Source Libraries Every Developer Should Know in 2026,1
How to Use Java JARs and .NET DLLs Across Platforms,0
I built a native C# DataFrame engine to rival Python Polars (it's actually faster on some things),1
Building Modern Apps with Blazor and .NET MAUI — What Actually Works in 2026,1
Async/Await in Production: The Bug That Only Appeared Under Load,0
How to Switch the Algorithms at Runtime with Strategy Pattern in C#,1
Cómo manejar fallos transitorios en .NET con Polly y ResiliencePipelineBuilder,0
Background Services in .NET — IHostedService and BackgroundService Explained,1
Mastering Dependency Injection in .NET,0
Anatomy of a Shared Memory Bridge: How .NET Calls Java In-Process,0
Decoupling with Chain of Responsibility Pattern in C#,1
"CLAUDE.md for C# and .NET: 13 Rules That Make AI Write Modern, Idiomatic Production Code",1
Global Exception Handling in ASP.NET Core — The Complete Guide,1
"Post-Mortem: How a ""Performance"" PR Introduced 28 New Regressions",1
Why .NET interviews feel harder than they should,0
Chapter 4: The Bigram Model - Simplest Possible Language Model,1
Stop Handing Over Your Entire Wallet: DTOs in .NET Explained,1
"Building a Cloud-Native Event Ticketing System with DDD, Event-Driven Architecture & CQRS in .NET 8",1
AI integrations: Rely or verify? Checking Semantic Kernel,1
Day 1/90: C# setup and .NET environment - C# Engineering,0
Building QuizTest — A WPF Quiz Application for Educational Institutions,0
How Blazor fits into the .NET ecosystem and what does it mean for businesses looking into it?,0
Building a C# Agent with Microsoft Agent Framework and Ollama,1
CQRS and the Mediator Pattern in .NET with MediatR,1
Protecting .NET String Values by Hiding Them in Machine Code DLLs,0
Patterns for Routing in ASP.NET Minimal APIs,1
"Clean Architecture in .NET — A Practical, Real-World Guide",1
Building Scalable Backends with DDD & Domain Events .NET C#,0
I Built a Production AI Layer Inside a Legacy ASP.NET Core App — and It Broke in Ways Tutorials Never Mention,1
Why Is Everyone Rushing for VMware to AWS Migration? Top 7 Reasons Explained,1
What Happens Behind the Scenes When You Call an API in .NET,0
Abstract Factory Pattern in C# – Step-by-Step Tutorial,1
Big O Notation explained,1
Porting a SwiftUI App to Avalonia: How does Cross-Platform .NET hold up,0
What does your .NET SaaS architecture look like in 2025?,1
"Is ""Learn C the Hard Way"" suitable for complete beginners?",1
New open source Mumble Manager project...,1
This Concurrency Bug Stayed Hidden for a Year,0
"Muonroi Building Block: an open-core .NET foundation for rule engines, decision tables, and multi-tenancy",0
I Deployed a .NET 8 URL Shortener for Free — Here's Every Problem I Hit,1
CQRS Without MediatR: Hand-Rolled Command and Query Handlers in .NET,0
I made my first NuGet Package,1
I stopped rebuilding the same .NET backend every project (here’s what changed),1
Why useEffect Confuses Every C# Developer (And How to Finally Think About It),1
Threading vs Tasks vs Parallelism — The Complete .NET Concurrency Guide,1
The State of OCR in .NET (2026): From Text Extraction to Real Pipelines,0
Never stop learning,1
Free Open Source IdentityServer for .NET 10: Getting Started with IdentityServer10,0
How to Add Token Swaps to C# .NET Backends,0
IAsyncEnumerable Explained — Async Streams in .NET,1
Microsecond Latency in a Managed Language: The Performance Philosophy Behind Typhon,1
ACadSharp.Image: Render DXF and DWG to images in .NET without AutoCAD,0
Beyond Localhost: Implementing Production-Grade Entra ID Auth in .NET Aspire,0
SqlDependency in .NET – Query Notifications and Real-Time Data Change Reactions,0
I built a browser-based GUI for managing appsettings.json in .NET — now on NuGet,0
Cookie based authentication & authorization in ASP.NET Core explained,1
SecretVault: One Interface to Rule All Your Cloud Secrets in .NET 9,0
Implementing the Retry Pattern Using Polly in .NET Applications,1
"LangGraph vs Microsoft Agent Framework: Design Your State First, or Discover It Later",1
Practical Combat of MAUI Embedded Web Architecture (2)PicoServer Routing Mechanism and API Design,1
Building a Multi-Channel Notification Service in .NET 8,0
Practical Combat of MAUI Embedded Web Architecture (10) App Web Shell Architecture: Building a Cross-Platform Local Application Platform,1
Practical Combat of MAUI Embedded Web Architecture (7) PicoServer + WebSocket: Building Real-Time Device Communication and Control Systems,1
Practical Combat of MAUI Embedded Web Architecture (9) PicoServer + PWA Offline System: Building a True Local Web App,1
Practical Combat of MAUI Embedded Web Architecture (8) Plug-in API Architecture: Automatic Controller Discovery and Modular Expansion,1
Practical Combat of MAUI Embedded Web Architecture (4) PicoServer Static File Hosting and Integration with Vue/React Frontends,1
Practical Combat of MAUI Embedded Web Architecture (3)Building a Scalable PicoServer REST API Framework,1
How I release a Blazor app to 8 distribution channels,0
"Game Dev Digest — Issue #325 - UI, Worflows, Patterns and more",1
Why I Over-Engineered a ULID Library for .NET,0
We Almost Shipped a Security Hole. Here's How React Context and .NET 10 Razor Pages Saved Us,0
Stop Writing the Same Null Checks Over and Over Again. There Is a Better Way.,1
How to Merge PDFs in .NET Without Microsoft Office (Avoid Common Issues),0
🚀 Simplifying Bulk Operations with Dapper in .NET,0
I wrote a .NET assertion library to understand how they work,0
Row-Level Security in Embedded Reporting: The Patterns That Actually Work for .NET SaaS,1
Practical Combat of MAUI Embedded Web Architecture (6) PicoServer Web Admin Permission System Design and Authentication Architecture,1
How to Communicate with Silicon Labs EFR32 NCP from C# / .NET using BGAPI,0
Clean Architecture con c# (Trabajo en progreso 🚧👷🏽),1
"How I use the same Blazor code for WASM, Windows, Linux, macOS, iOS, Android without a single #if",0
"Design Patterns in C# (Factory, Singleton, Repository, Observer)",1
"Building a Legal Tech Automation System: Syncing Clio, Lawmatics, Zoom & Box Using .NET Hangfire",0
Getting Started with Azure Bot Framework — Build Your First Bot in C#,1
A programming language for AI on top of C# and Roslyn,1
Why I Built an AI Agent Framework in .NET Instead of Python,1
The Rule Pattern in C#,1
3 LINQ Mistakes That Hurt Backend API Performance in .NET,1
Best .NET PDF Libraries in 2026: Free vs Paid (What Actually Works),1
How I Built GPU-Accelerated Frosted Glass and Acrylic Blur for .NET MAUI (And Why Every Other Library Gets It Wrong),1
"Minimal APIs in .NET Are Not a Toy, Start Treating Them That Way",0
Dez tecnologias essenciais em .NET,0
Mapping Windows Virtual Keys to actual characters in .NET,0
Build a School Management System in .NET 10 & Blazor — Sprint 1: Identity & User Management,0
Zero to First Agent,1
🚀 I've been quietly building new features into The Coffee Timer ☕ — my Pomodoro productivity app — and I'm excited to share what's new!,1
Why I Built a Privacy-First AI Assistant for Visual Studio 2022 (Goodbye Cloud-Only Copilots!),1
Java + .NET Integration Broke? Here's Your Fix-It Checklist,0
"Why is the .NET Community so 'Quiet' compared to Go, Rust, or TypeScript?",0
.NET Reflection Performance: CSV Export Benchmarks (Part 2),0
Why Microsoft Office Interop Fails for PDF Generation in .NET (And What to Use Instead),0
What Your .NET Exceptions Are Telling Attackers (And How to Stop It),1
I built automatic filtering for WPF DataGrid because I was tired of doing it manually,0
Microsoft Agent Framework: Introduction,1
A Simple Clean Architecture Structure for ASP.NET Core Projects,1
"I Built a Chrome Extension in Blazor WASM, Rewrote It in JavaScript, and I'm Going Back to Blazor",0
JWT Refresh Token Rotation in .NET — Why Your Auth is Probably Broken,0
We Built Multi-Tenancy Into a Blazor App. Here's Every Layer Preventing Data Leaks.,1
C# to Go: A .NET Developer's Translation Map,0
"The Timeless Marriage: GoF Visitor, LINQ Expression Trees, and Why 30-Year-Old Patterns Still Ship Code",1
Building an Enterprise-Grade File Organizer with .NET and Avalonia UI,0
How I Built a Production-Ready Multi-Tenant SaaS Boilerplate with .NET 10,0
.NET Interview questions: Key concepts explained,1
"AI in Software Development: A Mirror, Not a Magic Wand",1
.NET Reflection Performance: Enum Attribute Benchmarks (Part 1),0
How Dependency Injection Works Internally in .NET,0
Printing Images on an ESC/POS Thermal Printer in .NET MAUI,0
Squeezing Microseconds: A Practical Guide to Java/.NET Performance Tuning,1
I built a tool that turns prompts into native .NET desktop apps — live-compiled,0
"I built a Visual Studio extension where AI programs using real OOP tools (Roslyn tree, debugger, UI automation)",1
Build vs Buy: The Real Cost of Adding Reports to Your .NET SaaS Product,0
Why .NET Deserves Serious Consideration for Your Next Backend Project,0
Building Your First Web API with ASP.NET Core Part 4: Putting It All Together & Beyond,1
Building Your First Web API with ASP.NET Core Part 1: Getting Started with REST,1
"JNBridgePro v12.1: .NET 10, JDK 25, and AI-Assisted Configuration Are Here",0
Multi-Agent Systems: Orchestrating Azure AI Agents with Semantic Kernel,1
Building a Health Data Chat Agent with Claude and the Microsoft Agent Framework,1
MAUI Embedded Web Architecture Practice (1) Running PicoServer Local Web Service in MAUI Applications,1
QuantumSuperposition: a .NET library for when one value isn’t enough,0
MAUI + PicoServer: Practical Implementation of Embedded Web Architecture,1
4 Essential LLM Tasks in .NET 10 Using GitHub Models 🚀,0
"Reliable AI Outputs: Function Calling, JSON Mode, and Structured Generation in C#",1
Building a Multi-Terminal Restaurant POS with C# .NET — Architecture & Lessons,1
You inherited a .NET codebase with zero tests. Now what?,0
"Building Your First Web API with ASP.NET Core Part 2: Controllers, Models & Your First Endpoint",1
"How to Build a Cross-Platform Barcode, MRZ, and Document Scanner with .NET MAUI Blazor",0
EF Core 10 Performance Issue,1
Stop Using Switch Statements: Keyed Services in .NET - A Practical Approach,1
Best C# PDF Library in 2026? A Real-World .NET Comparison,0
Closures no .NET: As Alocações Invisíveis que Estão Matando sua Performance,1
Pattern Matching vs Manual Casting in C#,1
.NET Programming Habits I Wish I’d Started Sooner,0
ASP.NET Core MVC Explained — Step-by-Step with Real Code & Best Practices,1
Stop using magic strings in your Firestore .NET queries,1
Exploring Distributed Coordination in .NET (Clustron DKV),0
9 Things That Silently Kill Your .NET Build Time (and How to Fix Each One),0
CancellationToken στο .NET,0
Async/Await no .NET 10: Eliminando o Overhead da State Machine,0
I Benchmarked 3 Ways to Log in .NET : One Allocates Nothing,0
FluentValidation σε Clean Architecture,1
Brave new C#,1
Clean Unit Testing in .NET: Practical xUnit and Moq Tips,1
Dependency Injection στο .NET,0
Why .NET 10's AI-First Architecture Changes How We Build Software,1
Building Production RAG Systems in .NET 10: The Complete Guide to Embeddings,1
RoslynLens: Give Your AI Assistant Semantic Eyes on .NET Code,1
How to take screenshots and generate PDFs in C# and .NET,0
Building the Fastest .NET Object Mapper,0
Why You Can’t Write to the Response in ASP.NET Core (And How to Fix It),0
Manual Threads vs. Task.Factory: Optimizing Long-Running Workers In .NET development,0
"Power Your Azure AI Agents: Function Calling, Code Interpreter, and File Search",1
"Value Types vs Reference Types, Struct vs Class, and Boxing & Unboxing — The Complete C# Guide",1
How to Export Excel to PDF in .NET (Fast & Accurate Method),0
Implementing OpenTelemetry with Serilog in a .NET Application [Practical Guide],0
Swashbuckle Is Dead. Here's How to Migrate to Scalar in .NET 10.,0
C# Keeps Getting Better: My Favourite Modern Language Features,1
Pushing skills to a new level,1
.NET 11 Preview for .NET MAUI: Simplify XAML with Inline C# Expressions,0
"Building a Clean Master-Detail App with Blazor Server, MudBlazor, and EF Core",1
The Core Knowledge Every Senior C#/.NET Developer Must Master in 2026,1
25 Dicas de performance com .NET 10,1
MCP for .NET: AI Agents That Can Actually Do Things,1
Bringing shadcn/ui to Blazor — Why I Built Blazor Blueprint,0
Why Casting Double to Decimal Won't Save Your Financial Data 💸 (A Bug Hunt Story),0
Native AOT in .NET 10: Everything for C# Developers,0
"Introducing DotNetPy: Python Interop for Modern .NET, Reimagined",1
"Organizando Projetos .NET com o Central Package Management, Directory.Build e EditorConfig",0
.NET Learning Notes: Custom In-Memory Provider(1) - Registration and Discovery,0
"PVS-Studio 7.41: MISRA C 2023, enhanced Unreal Engine integration, new logging system, and much more",1
"Pure.DI: DI without container, without .NET type reflection, and with compile-time validation",0
How I Built a .NET 8 Clean Architecture SaaS Boilerplate (And What I Learned),1
Managing database schema changes in .NET From theory to FluentMigrator,0
Async/Await por Debaixo do Capô: Entendendo I/O Assíncrono no .NET,0
Azure Blob Storage in .NET Core Web API v8,0
CodeBehind 4.6 Released; Upgrade to .NET 10,0
Shadow Logging via Events - Complete Decoupling of Business Logic and Logging in DI Environment,1
Installing .NET 10 on Linux (Pop!_OS) — The Real Journey 🚀,0
.NET Core: Custom middleware for authentication using JWT and Cookie,0
Deploy .NET 8 App to Azure Kubernetes Service (AKS),0
STOP PUTTING LOGIC IN YOUR BUTTONS: A BEGINNER'S GUIDE TO SEPARATING CONCERNS IN C#,1
Struct vs Record vs Class — Choosing the Right Type in Modern C# (.NET 9/10 Edition),1
Building Production-Grade RAG in .NET : Language Is Not a Barrier,0
Extract Structured Data from Car Listings Using AI in .NET 10,1
Deserializing Polymorphic JSON in .NET Without Losing Type Safety,0
"Shipping a GUI Without the .NET Runtime: 2 Months with MewUI, a Cross-Platform UI Framework",0
Clean Code: Otimizando a Comparação de Listas no C#,1
Integrando Sentry com .NET,0
Understanding Expression Trees in C# Through a Practical Example,1
.NET Learning Notes: DelegatingHandler and Harmony (HTTPMataki logging library),0
Migrating from Semantic Kernel to Microsoft Agent Framework: A C# Developer's Guide,1
Building a Local AI Research Agent in C# — From Zero to Autonomous Research,1
"IDisposable, Finalizers, and the Dispose Pattern — The Complete Guide for .NET Developers",1
Blindando Aplicações no .NET 10: Um Guia Completo sobre Polly e Resiliência,0
Stop Paying the REST Tax: How to Actually Call Java from C# at Production Scale,1
"AI Agents in Semantic Kernel: ChatCompletionAgent, AgentGroupChat, and Orchestration",1
Building a Multi-Provider AI Chat Application with .NET 10 - A Complete Guide,1
Trusting PayPal Webhooks the .NET Way,0
Breaking the Memory Wall in .NET: The Buffer–Model Architecture,1
Why I Chose CRTP for My C# Result Pattern Library,1
Strategy & Factory Pattern στην C# Μια ορθολογιστική και SOLID προσέγγιση,1
Implementing Tell and Ask in Trupe — Actor Model library in .NET,1
Implementando Tell e Ask no Trupe — Biblioteca de Modelo de Atores em .NET,0
"SOLID Principles in C# — A Practical, Real‑World Guide for .NET Developers",0
.NET in Practice – Modeling Time with NodaTime,0
Semantic Kernel from First Principles: Understanding the Architecture,1
"Clean Architecture in .NET: Real-World Pros, Cons and Trade-offs",1
🚀 Desenvolvimento Full-Stack Moderno: TanStack Router + .NET,0
What I Learned Building My First Clean Architecture Project in .NET,1
Anemic Entities vs Behavior-Rich Entities Από το Anti-Pattern σε σωστό Domain Model (.NET Core / C#),1
"Deploying Agent Framework to Production: Azure AI Foundry, Observability, and Scaling",1
Design Patterns Explained in C# & nopCommerce,1
Primeros pasos con Microsoft Agent Framework: construyendo un chatbot de soporte con C#,1
Building a NinjaTrader 8 Indicator: What Actually Went Wrong,1
Model Context Protocol in .NET: Building and Consuming Universal AI Tools,1
Agent Framework Workflows: Beyond Chat — Orchestrating Complex AI Tasks,1
Understanding Garbage Collection (GC) in .NET — How It Works and When It Matters,0
Calling .NET from Java: Why Your REST Bridge Is Costing You More Than You Think,0
C# vs Java: A Practical Comparison for Modern Developers,1
Starting My C# and .NET Journey — Looking for Advice,0
"Designing Error Flows: Exceptions, Success Flags, or Discriminated Unions?",0
.NET Learning Notes: Custom In-Memory Provider(5) - Include & ThenInclude — Navigation Loading and Fix-Up,0
.NET Learning Notes: Custom In-Memory Provider(4) - ReadPath - From IQueryable to Result Execution,0
Trace Whether Your .NET `HttpClient` Calls Are Quantum-Safe (PQC) 🚦,0
Azure AI Agent Service Part 3: Multi-Agent Orchestration with Semantic Kernel for .NET,1
Azure AI Agent Service Part 5: Deploying Multi-Agent Systems to Azure AI Foundry,1
"Azure AI Agent Service Part 4: Production Patterns—State Management, Sessions, and Observability",1
Generative AI in C#: Building Provider-Agnostic LLM Applications with Microsoft.Extensions.AI,1
"Difference Between 'const' and 'readonly' in C# — The Definitive, Practical Guide",1
Printing Shipping Labels in C#: When Every Carrier Has Their Own Standard,1
Clean Architecture in .NET 10: The Setup (And When It's Overkill),1
I built a free HTML to PDF library for .NET because existing options frustrated me,0
.NET Learning Notes: Custom In-Memory Provider(3) - Storage Write Model and Key-Based Retrieval,1
Azure AI Agent Service: Your First Production-Ready AI Agent in C#,1
Microsoft Agent Framework: The Future of .NET AI Agents Has Arrived,1
"Building Modern Realtime .NET Apps: SignalR, R3, AsyncR3, SignalsDotnet, and Redis",1
"When IDbContextFactory enters the chat, and what it actually fixes.",1
C# dynamic is a trap door: stop the leaks before they spread (Must read for Dapper users),1
"Hello Betfair: The Same Strategy in F#, C#, VB.NET, and an AI Prompt (bfexplorer)",1
Exploring the New Features of C# 12: A Detailed Guide with Examples,1
"FirstOrDefault vs SingleOrDefault in C# — The Complete, Practical Guide",1
Your LINQ Filters Are Scattered Everywhere — Here's How to Fix It,0
Why Your C# AI Agents Will Fail in Production (And How to Fix It),1
Building SEO Automation in .NET with SERankingSharp,0
GitHub Copilot in Visual Studio 2026 – Working Without Agent Skills,1
C# Kernels in the Browser: High-Performance GPU Computing with Blazor and WebGPU,0
Why Your AI Agent Will Fail Without Containerization (And How to Fix It),1
Can’t Install .NET 10 on Ubuntu via apt? Here’s a Workaround That Actually Works,1
Back to Basics: What Every C# Developer Should Know (But Often Forgets),1
"Scaling AI Agents: Mastering Elasticity, State, and Throughput with C#",1
"Rewriting My First NUnit API Tests: Cleaner, Faster, Better",1
Building Your First AI Agent in C# with Microsoft Agent Framework,1
Scaling AI Inference: Why Your Next .NET Microservice Needs Kubernetes and ONNX,1
"The Real Difference Between Add, TryAdd, and TryAddEnumerable in .NET",0
From Monolith to Micro-Brain: Architecting Scalable AI Inference in .NET,1
Stop Writing Unreadable Regex - Build Patterns the Fluent Way in C#,1
C# 14 - Null Conditional Assignment in .NET10,0
"Game Dev Digest — Issue #312 - New Year, New Ways, and more",1
.NET: Exceptions vs Result Pattern - Performance Benchmark,1
Why Your Next AI Agent Should Be a Microservice (And How to Build It with C# & Docker),1
Dependency Injection in ASP.NET Core Why it exists? and what problem it actually solves?,1
"Part 2 - Performance & Concurrency Essentials in C#: Memory, Async, and High-Performance Primitives",1
Stop Treating AI Agents Like Monoliths: A Guide to Cloud-Native Containerization with C#,1
Nexora Launcher — Prototype Release (WPF / .NET 8),0
Result Pattern vs Exception Flow in .NET,1
Extensible Visitor Pattern in C#,1
High-performance backend scripting for .NET,0
Clean Architecture in .NET 10: Why Your Code Turns Into Spaghetti (And How to Prevent It),1
Clean Architecture in .NET 10: The Domain Layer — Entities That Actually Have Behavior,1
Clean Architecture in .NET 10: The Domain Layer — Entities That Actually Have Behavior,1
Clean Architecture in .NET 10: Why Your Code Turns Into Spaghetti (And How to Prevent It),1
Clean Architecture in .NET 10: The Application Layer — CQRS Without the Ceremony,1
Clean Architecture in .NET 10: The Setup (And When It's Overkill),1
Atomic Transaction Patterns C#,1
Dapper Micro-ORM Explained,1
ASP .NET Core IDisplayMetadataProvider,0
How to implement the Observer Pattern in Unity (and why UnityEvents limit you),1
Built an MCP server for .NET developers working with AI,1
What's new in PVS-Studio in 2025?,1
Introduction to Microsoft Agent Framework (Part 2 - Exposing Agents),1
The New Field Keyword Improves Properties in C# 14,1
How I Built My First .NET Package (and Got 500+ Downloads),1
The $0 Localization Stack for Solo .NET Developers,0
Using GitHub Models with the Microsoft Agent Framework,1
Result Pattern in C#,1
Memory-Safe Secrets in .NET Configuration,0
Chain of Responsibility pattern,1
License Protection vs. Code Obfuscation: What .NET Developers Actually Need,1
Porting Mistreevous to C#: A High-Performance Behavior Tree Library for Modern .NET,1
Stop Mixing Up Your RDP Sessions: Auto-Label Remote Desktop Windows,1
The Blazor Closure Bug That Made All My Time Slots 24:00 🕛 🕛,0
System.CommandLine with Dependency Injection: A Complete Solution,1
Designed a Complete Hiring Platform But Can't Code - Help Me Build it open source.,1
Meet Microsoft Agent Framework — Your .NET Agent Toolkit,1
LINQ Performance Optimization: 5 Patterns Every C# Developer Should Know,1
Minimal API Validation in .NET 10,0
Handling PayPal API Authentication the .NET Way,0
Inside the .NET Engine,0
Adapter Pattern Explained with Real Examples,1
"Dockerizing Your Web API with SQL Server, Dapper, and FluentMigrator",0
Perpetual vs Subscription Licenses: Which Business Model Wins in 2026?,1
Catching .NET Vulnerabilities Early: A Hands-On Guide with Puma Scan,0
"I got tired of setting up the same .NET architecture every project for 31 times, so I built a clean starter template kit",1
Stop Scattering Your Business Logic: Meet Masterly.BusinessRules for .NET,1
"Server-Sent Events in .NET 10: Finally, a Native Solution",0
Trial License Implementation Patterns in C#: A Technical Deep Dive,1
"Part 1 - Core Foundations for Enterprise C#: OOP & SOLID, Clean Architecture, and Type Semantics",1
Decompiling the New C# 14 field Keyword,1
From 3+ Days to 3.8 Hours: Scaling a .NET CSV Importer for SQL Server,0
How to Prevent Software Piracy in C# Desktop Apps: A Complete Guide,1
Building AI-Ready Applications with Model Context Protocol in C#,1
🚀 Boost Your EF Core Performance with AsNoTracking(),1
Starting My Journey into C# .NET,0
Build AI Agents with Microsoft Agent Framework in C#,1
Clean Up Your C# Loops: Flattening Nested Collections with LINQ SelectMany,1
What’s New in .NET 10 (LTS) — Why It Matters for Developers & Businesses,1
Building Self-Referential Agents with .NET 10 & Aspire (Part 1),0
Complete Guide to PDF Generation in C#,1
From Client Request to 24 .NET Microservices: My Solo Migration Journey,0
"Optimizing .NET 8 API Consumption at Scale: A Technical Deep Dive into Concurrency, Batching, and Resilient Retry Mechanisms",0
🚀 Event-Driven Excellence: Integrating Kafka with Avro in a .NET Hosted Service,0
"How to Build a WinForms Document Scanner in .NET: TWAIN, Webcam & PDF Export",0
Stop Using IOptions Wrong in .NET!,1
How I Create PDF Reports from SQL Server in C# Using IronPDF (Beginner Guide),0
I Just Published My New Book: Blazor 10 Coding Standards & Best Practices,1
C# Minimal API: A Practical Way to Keep Endpoints Clean,1
Pattern Matching in C#: The Starters Guide,1
Modern C# Development: Custom Exceptions Made Simple,1
CurlDotNet: Bringing curl's Power to .NET,0
Blazor AutoComplete That Actually Scales: From 10 Items to 100K (with AI Superpowers),1
Preparing for the IETF RateLimit Header Standard in .NET,0
"RoomSharp v0.4.3: Production-grade migrations, safe-by-default concurrency, and new companion packages",1
"PVS-Studio 7.40: support for Visual Studio 2026, Qt Creator 18, .NET 10, updated C# diagnostic rules, and more",0
Stop Paying OpenAI: Free Local AI in .NET with Ollama,1
# CurlDotNet: Bringing curl's Power to .NET,0
.NET 10: The Performance Beast That's Redefining Modern Application Development,1
"Angular Signals, But Better Now for .NET",0
Domina el uso de paquetes NuGet en .NET,0
Using Mockaroo and Entity framework to Seed Sample Data for .NET Applications,0
"Porting Zod to C#: ZodSharp – A Zero-Allocation, High-Performance Schema Validation Library for .NET",0
Progressive Learning: AI Deployment Strategies from Basic to Advanced,1
.NET Performance Optimization: Fixing a 15-Second E-Commerce Page Load,1
ASP.NET Core - Fundamentals - Error Handling,0
ISO 4217 Currency Reference for .NET — Strongly Typed and Production-Ready,0
The AI Data Center Revolution: What It Means for C# Developers in Q4 2025,1
Stop Writing a Kafka Consumer for Every Topic – Make It Generic in .NET,1
Enhancing your .NET API with query language,0
🧠 Managed vs Unmanaged Code — Explained for Beginners,1
🧱 Lesson 6  - Redis Caching for Performance Optimization,1
Aspire: The Cloud-Native Framework That Finally Makes Distributed .NET Development Easy,0
Understanding Federated Learning: Best Practices for Implementing Privacy-Preserving AI in C# Projects,1
Migration from .NET 4.7 to .NET 10,0
"SafeMapX — A New Universal Pattern to Eliminate Null Checks, Ternaries & String Plumbing in C#",1
Blazor vs React: A .NET Developer's Honest Comparison,0
Legal Research is Changing: How AI Makes Your C# Applications Smarter,1
Learning .NET from Beginner to Advanced Level's,0
dotnet run in .NET 10: Single-File C# Is Finally Here,0
How to Structure a .NET Solution That Actually Scales: Clean Architecture Guide,1
Why I Bet My Engineering Career on .NET 9 (And Left Legacy PHP Behind),0
C# Performance Optimization: Using Span<T> and stackalloc to Eliminate Allocations,1
Blazor in .NET 10: What's New and Why It Finally Feels Complete,1
"A Complete Introduction to C# — The Modern, Powerful, Multi-Paradigm Language for Developers",1
🚀 Entity Framework Core 10: The JSON & Complex Types Revolution Is Here!,0
How to Tune Your C# AI Model for Maximum Efficiency: A Step-by-Step Guide,1
HierarchyId in SQL Server and EF Core 8 - Modeling Hierarchical Data,0
Repository Pattern vs Direct EF Core: The Great Debate,1
ASP .NET Core model as json,1
Named Configuration Binding in .NET Using the Modern Options Pattern,1
Building a Simple Cron Scheduler in .NET with Cronos,0
Testing HttpClient in .NET without Moq or NSubstitute,0
10 Common .NET Logging Mistakes and How to Avoid Them for Maintainable Apps,0
nderstanding Reverse Proxy with .NET & SignalR (With Source Code + ZIP),0
ASP.NET Core Dependency Injection From Scopes & Lifetimes to .NET 9 Source Generators,0
TypedSql: Turning the C# Type System into a High-Performance SQL Query Engine,0
Common LINQ Methods with Examples in .NET Core,0
Introducing EasyMessages: Stop Wasting Time on Message Wording in .NET (Alpha Release),1
"🏛️ Uniface Forms Explained for C# Developers: The Original ""WinForms""",1
ASP .NET Core modals,0
Modern C# Development: User Defined Increment and decrement,1
I'm building an open-source AI ATC for flight sims (and looking for like-minded devs),1
The Essential Interfaces Every C# Developer Should Know,1
Build Your Local AI with C# and .NET,1
Applying Object Relational Mapping (ORM) on a C# .NET application,0
The Two Halves of Program.cs in .NET,0
Config-Aware Rules in .NET — The Power Feature of Cocoar.Configuration (Part 2),0
What's New in .NET 10 and C# 14,1
C# Async/Await in .NET 10: The Complete Technical Guide for 2025,1
CancellationToken: The Complete Technical Guide for .NET Developers,1
Tutorial: Building a .NET 9 Console App with Hangfire and Channels,0
C# for the Web: How Microsoft is Reshaping Modern Web Development,1
Exploring the new .slnx Visual Studio Solutions Format,1
Exploring Extension Blocks in .NET 10,0
New File-Based Apps in .NET 10: You Can Now Run C# in Just 1 File!,1
CurlDotNet: Bringing curl Superpowers to Every Corner of the .NET 10 / C# Stack,1
RoomSharp: Source-Generated Data Layer for Modern .NET,1
Curl in .Net 10 and C#,0
"How to Package .NET Software: Choosing Between DLLs, SDKs, and NuGet Packages",0
Python Inside .NET,0
Jordium.Snowflake.NET — A Fast and Lightweight Distributed ID Generator for .NET,0
Implementing the Inbox Pattern with Brighter V10 using Kafka and PostgreSQL,1
How to Use curl in .NET 10 (C#),0
Demystifying Excel Page Counts in C#: A Practical Guide,1
Real-Time Streaming in .NET SignalR — Live Data Like Trading Apps,0
My first Windows App,1
The .NET News daily newsletter for C# developers,0
BotticelliBundle: Simplified Deployment of Chatbots using Docker,0
Beginner’s Guide to .NET Development,0
🎥 SQL Server Partitioning video just dropped!,0
Trupe: Implementing Actor Model in .NET,1
Trupe: Implementando o Modelo de Atores no .NET,0
Strategic Pagination Patterns for .NET APIs,1
"ByteAether.Ulid 1.3.2: .NET 10 Support, C# 14's Field, and Engineering Zero-Overhead IDs",0
New Features in .NET 10 and C# 14,1
Mastering the Options Pattern in .NET — Strongly Typed Configuration Made Simple,1
What's new in .NET 10,1
Mastering ILogger in .NET Core — Complete Logging Guide for Developers,1
ASP .NET Core Project details,0
Comparing C# AI Libraries: Which One Boosts Dev Productivity Most?,1
MLOps Best Practices: Streamlining AI Deployments in C# for 2025,1
Sleek & Modern WPF: Build a Real-Time Word Counter Dashboard (C# Tutorial),1
Creating a Blazor Template With Multiple Projects: Error from vstemplate file,0
WPF returns UnsetValue on RelativeSource to Ancestor,0
"Self-contained publish works locally but fails on other machines: ""Failed to update database to latest state""",0
Aspire with a .NET 9 Blazor App: increasing Polly retry for HttpClientFactory while using a Http Message handler,0
Allowing debugging in a .NET Framework 4.7.2 async Windows Service that uses Quartz.Net,0
Bluetooth LE Device Connects Then Immediately Disconnects on First Attempt,1
How do I stop Visual Studio 2022 from breaking on CAUGHT exceptions?,1
Keyboard input does not reach WebView2 when embedding a C# WinForms window inside Delphi 7 using SetParent,0
Can't build the MAUI project on Mac with Visual Studio,0
C# .net cannot run in VS code,0
Why does IKeyedServiceProvider require manual registration in .NET 9 DI container?,0
Is WPF binding correct?,0
C# WPF strict MVVM: Basic TreeView SelectedItem ViewModel Problem,0
How should navigation between views be implemented in WPF using MVVM and ICommand?,0
.NET 8 with ModelState validation not returning errors,0
.NET logging without passing an ILogger around,0
"How to dynamically set an HTML header tag (h1, h2, etc.) in a Blazor component?",0
Sorting the List<string> from a data class model field in descending order,1
How to configure model with two principals related to the same child?,1
Prevent Default Scale Behaviour On .NET Maui Android,0
How to print an image on an ESC/POS thermal printer in .NET MAUI?,0
"Azure Web App | Deployment Error - Framework-dependent is an invalid value for the ""SelfContained"" parameter of the ""ProcessFrameworkReferences""",0
Preventing timeout when debugging (stepping through the code) in .NET Azure Function apps,0
Firebase Crashlytics and NET9 MAUI errors,0
Blazor JSinterop invokeMethodAsync on blur event is affecting js component behavior,0
How to align a byte array transferred from Blazor to Typescript via interop to a multiple of 2 bytes?,0
C# Pass null to Generic Method Receiving Nullable Type,0
ASP.NET Core 10 extra content returned on JSON result,0
Cant create a public class in app.MapGet in Minimal api app,0
Elsa Workflows 3 configuration for Entity Framework Core with SQL Server,0
C# .NET extension without extension method,0
TSC TTP-225 printer label misaligned only on first print from .NET 8 console app,1
Registration of Views and ViewModels with a parametered constructor in MAUI,0
Is projecting directly to nested DTOs using ternary operators to handle nulls a reliable pattern in EF Core 8?,1
Android Subscription in MAUI BillingService,0
"How to fix ""Could not load file or assembly 'System.Threading.Tasks.Extensions`"" exception when using System.Text.Json in .NET Framework?",0
ToolTip.Popup event not firing with ToolTip.Show() in .NET Framework,0
Using SSL certificate failed with OpenSSL error - ca md too weak. .NET 9 Docker,0
How to distribute a .NET 9 application using Microsoft.Office.Interop.Excel?,0
Visual Studio create new custom Scaffold Item for Razor WebApp,1
Linq sort entity if JSON value exists,0
How to remove Hot Reload Service in .NET,0
WinForms / .NETFramework: Format DataGridViewCell according to ValidationResult,0
.NET DataViewGrid displays both date and time in a column unless it's midnight then you only see the date,0
how to use wpf datagrid in c# with autocomplete datagrid inside a cell,0
Deserialize complex JSON with data in keys,0
Using JsonSchema.Net to validate JSON when the JSON schema references other schemas,0
IIS time-taken shows multi-second latency while ASP.NET webforms → WCF → SQL timings are sub-second (intermittent),0
DevExpress ASPxGridView reloads data on every group row expand - how to cache/prevent?,1
How can I connect to an Epson printer in a .NET 8 class library?,0
SupplyParameterFromQuery vs Parameter in Blazor,0
How to stop Default behaviour of Blazored.TextEditor,1
What is the difference between these two methods of returning new instance value?,1
504 Gateway Timeout Error While Downloading Folder with Multiple Files,0
How to get DataContext from PlacementTarget parent in ContextMenu WPF,0
Grpc bidirectional stream not throwing exception when not implemented,0
How can I make a customized RadioButton fill up available space horizontally in .NET Maui,0
WPF MVVM: View XAML throws runtime exception when instantiating inventory management window,0
Disposing FileStream in .NET,0
System.Net.Http.MutlipartFormDataContent error in client running in .NET Framework 4.8 when connecting to Apache Tomcat server,0
How to achieve PCM playback on .NET Android using AudioTrack,0
Merging FHIR patients using Firely .NET,0
Why C# compiler does not see that variable is not null before exiting constructor?,0
Microsoft Feature Management custom provider DI error in VS Code,0
Weird invalid signature exception on second try,0
"How to prevent ""Operation not supported"" exception when making HTTP request from Cloud Run web instance?",0
Running a .NET Framework 4.7.2 Windows Service on Windows 10/11 ARM64,0
Polymorphic deserialize JSON using DI container to create instances,0
How does WinForms manage to display ⅓ for the Verdana font when it doesn't exist in that font? And why does it not work for Windows 11?,0
ASP.NET Web API - Model binder validation property name,1
.NET Minimal APIs built-in validation stops working when endpoint mapping is in different assembly than validatable DTO,0
Root provider injected into service resolved from provider of new scope,1
Move HTTP request with cert file from nodeJs to .NET not working,0
.NET MAUI 9 ZXing.Net.Maui doesn’t scan 26-character Code128 barcodes (not detected or decoded incorrectly),0
MAUI Behavior doesn't change the result,0
How to Clean Ugly Extension Methods,1
".NET IHttpClientFactory + Microsoft Resilience retry: same HttpRequestMessage resent, delegating handler not re-running?",0
.NET Minimal API app.MapFallback doesn't complete the request,1
Multiplayer programming advice for new game (C# & Mono),1
Upgrading project to .NET 10 breaks Scalar support when using document transformers,0
`Common Language Runtime detected an invalid program` error generating simple dynamic method,0
WPF Custom Control VisualState affecting other instances when using StaticResource for themed colors,0
How to create a custom ListBox in C# WinForms (Visual Studio 2022),0
"Apache.Avro.Tools (avrogen) fails to resolve referenced schema in .NET: ""Undefined name""",0
Convert Month/Day/Year columns to date to check date in a SQL Query,0
AWS S3 .NET SDK download fails for .mp4 and .mp3 files with IOException: “An existing connection was forcibly closed by the remote host”,0
Telerik Report Generation Fails in IIS on Azure VM with OperationCanceledException,0
Tablelayoutpanel winforms cellpainting event draw a outside curve at first column,1
How can I render the plaintext first before the image in Blazor?,1
FontAwesome icon not displaying when reloading Blazor component,0
"Wix 5 - Installer BootstrapperApplicationRun() Runtime Error ""value does not fall within expected range""",0
Maui Popup - Message does not fill entire popup area on iOS,0
Which design pattern should be used for the backend of a web application?,1
Azure Function cache misses - In Memory Cache .NET,0
What are the kinds of practical difficulties you've run into when implementing Microfrontends?,1
Declaring SqlConnection fails service to start,0
How can I make UI template Javascript work each time a page is loaded in Blazor SSR Application .NET 9?,0
Entity Framework Core is using literal values instead of parameters. Do I need to worry for SQL injection,0
.NET 10 benchmark oddities (comparing to .NET 9),0
MSTest not properly discovering DataTestMethods when adding new folder to project,1
Having issues with passing an object to be displayed between two view models in .NET Maui using Community Toolkit,0
How does .NET ensure memory safety of the compiler generated state machine for async/await?,0
WebView in .NET MAUI can not access a webpage that is served on a VM using Fiddler (a proxy),0
.NET 9.0 No interactivity until the WASM switch on the Counter page with InteractiveAuto,0
Ignore boolean property = true in JSON serialization,0
"Blazor - running method in program.cs throws an error ""An unhandled error occurred""",0
MAUI WebAuthenticator with Microsoft SSO doesn't return IdToken / AccessToken is not JWT,0
How to define the data model as a SQL variable not a table or view in EF Core?,1
How to handle Disposing of CryptoStream after exception occurs during decrypt,0
Server Side pages in Blazor WASM project,0
.NET Aspire: Overriding Kafka configuration in a container with a forced --environment ENTRYPOINT,0
Use MouseDoubleClick event trigger in every datagrid row,1
Which exceptions are able to be thrown by S3 in the .NET SDK?,0
"How to handle empty string textbox bound to an int property validation error in WPF? Value """" could be not converted MVVM",0
.NET 9 equivalent for System.Runtime.Remoting.Lifetime,0
Load Custom Controls into ToolBox in .NET 8,0
JSON Deserialization of Custom HashSet,0
MAUI MacCatalyst doesn't support RefreshView. Any workaround?,0
How to handle errors in Blazor WebAssembly?,0
WPF TabControl: Hiding tab headers leaves a border line on top,0
Draw a straight line between two visual elements in MAUI app. .NET 9,0
How to update Maui from .NET 8 to .NET 9?,0
How do I convert this Visual Foxpro DLL call to .NET Core,0
Managed exceptions in MAUI Windows app logged as CoreMessagingXP.dll crashes,0
"How to log ""who did what"" without adding userId in every method?",1
PeriodicWorkRequest is not being scheduled in my MAUI App,0
AWS SDK v4 and S3 GetObject - System.Net.WebException: The underlying connection was closed: An unexpected error occurred on a send,0
Why hasn’t C# evolved null into a fully target-typed literal like default or []?,0
JWT claims in Blazor web app do not get taken over,0
Blazor Server Side Windows impersonation to update Active Directory fails,0
.NET Sporadic FormatException: Cannot deserialize a 'String' from BsonType 'ObjectId',0
Populate a DataTable row with the primary key after an Insert into a SQL Server table,0
Treat every line of my code as a breakpoint,1
Decorator Pattern with DI,1
Managing async Tasks when shutdown occurs in .NET apps,0
Why after updating .NET core extension in vscode do all my builds want to use .NET 8 and how do I rollback?,0
"What's the recommended way to handle situations where references are possibly null, but if they're null the program is fundamentally flawed anyway?",0
C# Maui UraniumUI TabView how to set a global override to current selected tab?,0
Enable hot reload in a Blazor project,0
WPF ListView: AutoScroll to last item when new messages arrive (chat-like behavior),1
How to solve System.IO.FileNotFoundException error for System.ClientModel,0
Dotnet Restore cannot find .NET 9 packages (NU1102) even though they exist in internal Artifactory NuGet,0
How to display Openstreetmap map on C# & WPF ? I only get black screen,0
How to send model and some other parameters from javascript to controller using jquery.ajax?,1
Getting started with MYOB .NET SDK (Not API),0
How can I dispose of the DbContext in a Blazor Web App to avoid resource leaks?,0
Performance comparison of where methods are called from,1
Is this the new proper way to detect AllowAnonymous with .net 10 and OpenApi?,1
.NET 10 behavior change - Configuration binding an IEnumerable record has missing entries when nullable parameters are null,0
Azure API Management delegation signature fails for ChangeProfile operation,0
ASP.NET Core 8.0 Web API makes endpoint call but response has an error,0
FontAwesome icons not displaying correctly on Android devices when used on XAML components in Maui Blazor Hybrid,0
.NET RSA.ImportRSAPrivateKey: issues importing private key,0
How can i correctly change the LLAMA3 default maxtoken=256 in Blazor app on .NET 10.0?,0
Blazor Maui Hybrid app showing main window but not the login route?,0
How can a mixed .NET 9 process both initialize tbbmalloc_proxy and have a valid AppDomain.BaseDirectory?,0
I am attempting to bind a WPF TreeViewItem to a TreeView and I'm getting an empty TreeView and two binding failures,0
"How to resolve Npgsql Exception: ""bad protocol version"" during SSL handshake on macOS with .NET 6 and Let's Encrypt?",0
Configure .NET Core 9 with OpenIddict in Docker,0
Blazor 9.0 Two-Way Databinding not working with Custom Component,0
"WPF (.NET 8) XAML cannot resolve namespaces, converters, ViewModels despite classes being public",0
".NET CopyToFileAsync reciving ""Safe handle has been closed."" exception",0
How do i make sure that 'this' is not null inside OnDisable() when stopping the game?,0
WMI: How to read Win32_OperatingSystem properties in .NET Framework 4.8?,0
Does the build configuration change the .NET Framework behavior dynamically?,0
"Localization in "".NET MAUI Blazor Hybrid and Web App"" not working",0
Conditionally handle multiple ValidationMessages with a ValidateComplexType model in an EditForm,1
.NET 9 x86 interop BadImageFormatException on Azure VM but works fine locally,0
GoogleAuthenticator (2FA) fails validation on mobile browsers but works on desktop in C# & ASP.NET MVC,0
GetIsNetworkAvailable() behaves differently depending on .NET version,0
How to cause an unhandled exception in ASP.NET Core 8 server app,0
How to build complex queries with Contentstack Management C# SDK v0.5.0 without using JObject or raw JSON strings,0
First item in SettingsExpander gets loaded and immediately unloaded,1
Adaptive Performance DirectoryNotFoundException unity,1
Does C# .NET AES GenerateKey (RandomNumberGenerator) truly use /dev/urandom on Linux,0
AWS SDK C# - 'Access denied to head index' error during Creation of a vector index for a collection,0
.NET 10 app can't load depending dll from subdirectory,0
MAUI Android target to version 16,0
MAUI Disable Soft keyboard for Entry,0
Why does this code return a null reference exception without warning?,0
Check if current .NET version is still supported in C#,0
Getting 404 error when trying to access custom classification model in new Document Intelligence Studio,1
.NET Core localization: Web API controller can't resolve IStringLocalizer<T> from another project,0
MAUI Hybrid issue with HTTP GET request from BlazorWebView,0
Troubles displaying MS Graph Draft Message in Outlook New in C#,1
C# WPF Filtering DataGrid ObservableCollection items based on text Input,0
"Why C# program (MySQL Connector/NET, .NET 8.0) compile on command prompt with csc, but not in Visual Studio 2022?",0
Ninjatrader Drop Down box to fill TextBox value or button text value (c# with WPF available),0
C# Winforms treeview auto sort crashes my app,0
Create Intune App Protection Policy with Microsoft.Graph 5.91.0 fails for id is null,0
Customized tooltip for TreeView nodes fails due to the Popup event not firing,0
Blazor .NET 10 dependency injected service call is not even firing,0
ESSL/device communication SDK not triggering face camera for enrollment on AI FaceMars device,1
Cake script fails when importing Octopus Tools,0
UDP C# communication dummy model,1
Blazor auto render mode prerender flicker problem even though pages use persistence,0
Error executing child request for handler: not finding the controller,0
How do I remove warning 'Possible null reference argument for parameter',0
"The reference assemblies for .NETFramework,Version=v0.0 were not found, good practice to target ""net-9.0-android"" when building MAUI project?",0
Storing JWT token in protected local storage returns null due to prerender issue and giving 401 error when calling API endpoint,0
"WPF freezing, related to ICommand.CanExecuteChanged?",0
"Blazor web app .NET 9: I can open and manage SQLite database in debug mode, but not in the hosted web app in IIS",0
Unity Android: AudioSource.Play() works in Editor but no sound until first screen tap on device,1
CefSharp initialisation problem in my WPF project,0
Adding package reference System.Linq.AsyncEnumerable cause CS0518/CS0656 compile error,0
Is there a way to preview and print reports in .NET WinUI 3?,0
How can I prevent CS7036 error when initializing a record object?,0
How to use App.Config codebase tag with .NET assembly relative path?,0
Bind TabControl content to child properties when ItemsSource contains view and view model pair properties,1
Comparing two pdf files byte by byte for integration testing fails,0
How to dynamically add a GridForeignColumn to a Syncfusion Blazor Grid?,0
Generate classes from .xsd fails,0
Grpc.Core.RpcException: Error starting gRPC call in Azure Functions isolated worker after upgrading to Visual Studio 2022 17.14.x,0
"IIOP.NET SSLPlugin fails with omniORB SSL/mTLS (TCP works) — certificates imported, OpenSSL succeeds",0
Can I deserialize a nested JSON property in place of its object,0
Applying relief (emboss) effect to bitmap using GetPixel/SetPixel in C# WinForms,0
ASP.NET Core dependency inject (Generic) error,0
C# Maui Secondary window/contentpage opens the same size as MainPage,0
"WireMock.Net is throwing an exception: ""An error occurred while sending the request""",0
How to test .NET Core Console application which uses Dependency Injection using xUnit?,0
Terminating a hung thread in a C# .NET desktop app,0
"Data validation error text appears inside TemplatedControl, but inner TextBox does not get a border",0
.NET performance is not scaling linearly with core count,1
"In my Blazor Server application, how can I setup a control property like angular's ""ng-if"" that I can apply to any html tag?",0
What causes Blazor Bootstrap Tooltip not to include newline?,0
"Tmds.DBus query works in a console app, but throws exception in my AvaloniaUI application",0
Serialising and Deserialising a System.Data.DataSet to XML with SQL Server UniqueIdentifier using different .NET versions,0
How to get CallerArgumentExpression from Blazor component Parameter,0
.razor code not recognized (even in new blazor project),1
System.IO.IOException Error 121 on Raspberry Pi I²C with PCF8574 LCD using .NET,0
Model binding fails silently when using Razor pages (HTTP 400),1
How to create a custom json Deserializer that returns the fields name and the values from a dynamic json,0
Deserializing array of objects to concrete .NET types using Newtonsoft,0
"Generate a .NET .exe file that doesn't include IL, JIT, metadata in it",0
Expression compiler for .NET,0
CollectionView causes crash in Maui App on iOS only,0
MAUI how to access the view model inside a command where x:DataType is set,1
How to draw a scalable checkmark inside a custom WinForms Button using OnPaint?,0
InAppBillingPlugin returns an error when calling GetProductInfoAsync,0
"""MonoGame.Templates.CSharp could not be installed, the package does not exist"". How to fix in VS Code?",0
How to handle error during customized scoped dependency injection,0
".NET MAUI .NET 10 – project.assets.json missing targets for Android, iOS, Windows and Mac Catalyst (NETSDK1005)",0
Is there ever utility in assigning an IDbParameter's `.Value` to null after comparing its .Value to null with `is`?,0
How to send HTTP POST request with multipart/form-data with the form-data in initial request in .NET Framework?,0
"How to add format, pattern and maxlength?",1
"""Resource not found for the segment"" error reading email from Graph API",0
How to extend .net smartcard IDPrime 510 support to javacard in c# application,0
How can I safely close the SqlDataReader when retrieving SQL BLOB-data via Stream?,0
Maui QueryParameters not set in OnNavigatedTo,0
Filling Winforms datagrid using Postgres stored procedure,0
Is it possible in WinForms to set to Bold Forms Header text?,0
Prevent Winforms function from returning until Async calls have completed (without blocking),0
.NET 10.0 integration tests error with xunit v3 assembly fixture and WebApplicationFactory,0
Invalid directory left when CreateDirectory fails on bad path,0
docker-compose dependency on one .NET service ruins its healthcheck,0
Angular + .NET (Azure AD BFF): Handling 401 due to token expiry without losing unsaved form data (auto-save to DB only),0
Error message when doing Update-Database in Blazor using VIsual Studio,0
"How to identify cause of ""Cannot convert from type '<null>' to type 'System.Uri' in WPF",0
Logic App Standard Inline C# action fails to decrypt AES CBC with PKCS7 (works in function app),0
How to bind DataGridColumnHeader to its own viewmodel ObservableCollection in WPF,0
Custom login from external database with ASP .NET Core identity,0
C# calling new methods instead of overriding methods,1
Why does Azure Search return null for the calling method?,0
"Visual Studio Test Explorer hangs indefinitely on .NET 10 xUnit project, but dotnet test passes",0
Assembly loading at runtime for .NET and .NET Framework,0
"Using @attribute [Authorize(Policy = ""..."")] throws IAuthenticationService error in Blazor Server app",0
"Blazor web app Server .NET 9 throws error: ""A valid antiforgery token was not provided with the request""",0
Multiple SUM issue with EF SQL,0
C# Entity Framework issue when working with SQL Server in blog project,0
Bindable layout not binding in .NET MAUI,0
BadRequest is not returned when null is sent,0
How to figure out which module in Blazor Webassembly client causes the exception,0
Custom Model Binder resulting in Response 400 Bad Request,1
"WPF ""View Source"" in Live Visual Tree stopped working - can't open XAML or code-behind",0
"How do you set up binding in MAUI using MVVM with a CheckBox, CollectionView, DataTemplate and EventToCommandBehavior?",0
Right way to do HttpClient that can be injected and used in Blazor server,0
Sign in with Apple in .Net Framework desktop app,0
"How can .NET know my environment - staging, development, production?",0
Highsoft.Highcharts .NET wrapper v11.4.6.3 silently drops ChartEvents.Load string handler — worked in v11.0.1.1,0
Can't get PNG resource to show up in Visual Studio WPF designer,0
MongoDb .NET to replace string in array using ElemMatch(),0
Release mode for a NET9 MAUI failed to find entry classes.dex,0
OnCreateContextMenu never called Android .NET VS 2022,0
GHAS for Azure DevOps does not scan contents of wwwroot folder in .Net,0
How to make a WPF program launched by a background process gain focus?,0
.NET MAUI binding Label value with text from an List with specified index displays nothing,0
Why is insert failing in .net Web Api,0
"MAUI black screen on iOS when ""Linker behaviour"" set to ""SDKs Only""",0
Blazor image streaming - Chrome out of memory,0
Why am I getting BAD_NET_NAME error from WNetUseConnection with IP Address?,0
"In dependency property pattern in WPF, automatically cast the result of GetValue() to expected return type",1
.NET 8 console application slower after publish,0
WPF custom window (WindowStyle=None) on Windows 11 — how do I get native rounded corners and the OS drop shadow (like Teams)?,0
Problem with COM login (IBSesja) in Comarch ERP Optima – error 8007000E,0
JSON column mapping – navigation property throws NullReferenceException,0
"MongoDB C# Driver: Update only provided fields, including setting some fields to null",0
Could not load file or assembly 'System.Runtime.Serialization.formatters' in .NET 8 WinForms application,0
System.Text.Json deserialization not deserializing the Json string,0
Always getting Exception thrown: 'System.Windows.Markup.XamlParseException' in PresentationFramework.dll,0
How to set HatchStyle to Winforms Teechart ColorGrid series?,0
Entity type cannot be tracked error - Entity Framework,0
Blazor InteractiveAutoRender Mode Connection Lost Message,0
How to connect .NET application to IBM MQ using Server Side SSL/TLS authentication with username and password (X.509 certificate-based auth)?,0
unsure how to debug Unhandled exception MAUI,0
Blazor Server (Interactive Render Mode) Custom Login Page with IdentityCore and Cookie Authentication,0
.NET MAUI & Web API - How to authenticate users,0
Replace strings in files when using a .NET item template,0
How to deserialize JSON in C#? Is the input format data correct?,0
How to get the HWND handle of elements in .Net MAUI,0
RulesEngine type external not found error,0
WPF ComboBox equivalent of VB6 ComboBox.Click event,0
How does C# determine the end of a string without a null terminator?,0
Required data annotations returning namespace rather than error message value?,0
Referenced project error referencing package that doesn't exist,0
Changing a variable to a property produces an error,0
DPI awareness in Winforms app with TabControl and DataGridView - layout messes up when the window is moved between screens,0
EF Migration not working: Unable to find SQL Server Connection String when using AddDbContextPool instead of AddSqlServerDbContext,0
LINQ to SQL mapping a SQL Server uniqueidentifier to a Guid,0
ASP.NET Web API Publish Fails with Build failed. Check the Output window for more details,0
Why does EF Core create a new shadow foreign key instead of using an existing property?,1
How to unit test a pipeline in BizTalk 2020? Option to create a New Test is unavailable in VS2019,1
AX 2012 exception while adding inventory movement by C# WCF service,0
"How to suppress writing empty string value to JSON (C#, .NET 8, System.Text.Json)",0
"In .NET MAUI, ScrollView with nested CollectionView adds unexpected bottom whitespace on iOS – why?",0
Error when creating EDMX from LocalDB .mdf in Visual Studio 2022,0
LiveCharts 2 for WPF (.NET 8) – Axis and labels cut off in real-time plot,0
"WPF ListView items not displaying data from Binding (showing blank or wrong values)""",0
A combobox as new property for a usercontrol to show in the designer crashes VS,1
Winui 3 app runs perfectly using F5 but fails to deploy as a single .exe file,0
Refactoring minimal web application pattern into classic full Program.cs with main,1
Func<T>.BeginInvoke() not supported in C# on .NET 8 or higher,0
DB creation fails through the Azure web app with Azure Postgres Flexible Server,0
Null exception in XAML,0
Error reading resource file after deleting my form,0
Update an ObservableCollection in MAUI Windows raises an unmanaged error,0
how to go about changing displayed XAML file on a WPF program,0
JsonSchema.net doesnt contain errors when evaluating an invalid document against CycloneDX schema,0
Error building a .NET MAUI project on a Mac Catalyst,0
MongoDB .NET update subdocument using ID within ArrayFilter,0
Dotnet Aspire > Failed to debug this project because no SQL Server has been installed on the local machine,0
create dictionary from json,0
Blazor wasm Authentication with Roles,0
What do Unity’s two CursorModes actually do?,1
Why can’t threads freed by Task.Run in ASP.NET Core be immediately reused to handle new HTTP requests?,1
"Custom ""OAuth2"" in .NET",0
"CosmosDb ExpressionVisitor (SubtreeEvaluator) fails on Azure, works on local machine",0
Cross database querying of large dataset within .NET Console application,0
Adding Authorization Middleware to Blazor App causes errors when hosted in IIS,0
"Using .NET `IOptions`, can I bind an array or a simple type instead of a class?",0
NPOI fails to load assembly in Mount and Blade 2 mod project,0
Converting JSON from API call to C# classes and pass between Blazor components,0
Transfer Big Query dataset data to SQL Server using C#,0
MAUI project greys out Publish for Windows,0
.NET 9 -> .NET 10: MongoDB query using array.Contains throws NotSupportedException,0
MAUI Sharpnado.Tabs SelectedIndex wrong,0
MAUI MVVM partial method being called twice,0
Request.Querystring shows HTTP Error 404.19 - Not Found,0
Is this a Google.Cloud.Speech.V2 client package bug related to PhraseSets or am I using it wrong?,0
"I can't send email from .NET application using Google SMTP client, application passwords",0
C# Winforms Datagridview with BindingSource is not filled at startup,0
.NET and EF Core - is it fine to do conversions in a .select() query?,0
How to map OData to correct endpoint in .NET 8.0 OData - Wrong Endpoint Called,0
Velopack is not updating version of WPF application,0
System.ArrayTypeMismatchException when using System.Text.Json with .NET Framework 4.7 in MSTest,0
Custom error message for failed model binding with FluentValidation,1
Build error after adding a TypeScript file to a Razor Class Library project,0
Why does modifying a List<T> inside a foreach loop throw an exception in C#?,0
System.Text.Json is not handling Quaternions - is there some Json settings we need to set/support?,0
HttpClient.GetStreamAsync hangs when consuming .NET 10 Server-Sent Events from Blazor WebAssembly,0
C# interactive console: how to fix error CS0234: The type or namespace name 'RSA' does not exist in the namespace 'System.Security.Cryptography'?,0
Skip Take performance issue,1
How to add comments before JSON property?,0
Why is Resharper showing an error whose inspection is disabled and whose format style is different?,0
"Blazor Server <AuthorizeView> Policy Failing with ""The trust relationship between the primary domain and the trusted domain failed.""",0
.NET 8 Blazor issue in Release with CSS isolation,0
Is it possible to create a new C# console app using C# code instead of CLI or Visual Studio UI,1
Unable to undistort image with chessboard pattern,1
Creating Scoped Service for User Initialization In Blazor United (Hybrid WebApp),0
ASP.NET Core embedded Blazor,0
Linq to SQL Queries using CONTAINS with list of anonymous types,0
MissingMethodException when setting init-only property from another assembly in netstandard2.1 lib running on .NET 6,0
Creating EzApi for SQL Server 2022,0
Performance and thread‑safety ASP.NET Core MVC,1
FOP.NetCore exception on SVG,0
Call to a method inside HostingEnvironment.QueueBackgroundWorkItem() failing to complete the execution sometimes,1
"In my Blazor SSR app., my service method is failing when calling an Azure HTTP trigger",0
An null reference exception occurs when editing WPF styles and templates in MetroWindow,0
Why do I get a nullability error with this static extension?,0
VS Code automatically putting brackets on a new line,1
Return value on SharpSnmp GetRequestMessage unexpected after upgrade to .NET 8,0
Interface and Implementation in .Net,0
Resources for Learning About Services in .NET,0
"Visual Studio 2022 WinForms resources ""missing""",0
What is the equivalent of ActionFilter or PageFilter in Blazor Web App?,0
"Why in a WinUI3 app, does DataContext binding work when debugging but causes exception when deployed and run",0
Calling the Remove() method on a Newtonsoft.Json.Linq.JObject in IronPython app throws a ' NoneType is not callable' error,0
Enabling CORS in ASP.net Core WebAPI not working,0
What is the proper way to load an assembly in new .NET since GAC went away?,1
SQL unquoted identifier validation,0
Maui picker not reset properly on iOS,0
Setting up ContentType for model binding errors in ASP.NET Core,1
.NET MAUI [ObservableProperty] decimal shows fixed decimals in UI — need fully dynamic decimal places (0–10),0
Getting a connection string empty error in a ASP.NET Core 10 Web API project,0
MCP server in C# for SQL database structure/schema (in Visual Studio) for Github Copilot,0
How do I use .NET reflection to emit generic interfaces and a class which implements them,0
".NET MAUI project gets stuck on ""Executing code cleanup"" for minutes or indefinitely after adding Dependency Injection services",0
Adding Razor pages from another project into primary Blazor web app project,0
Can you have a Blazor WebApp in Global InteractiveServer render mode and still have some WebAssembly components,0
C# WPF: How to set default font/size and disable numbered list in Xceed WPF Toolkit RichTextBoxFormatBar?,0
"Visual Studio ""Package Restore Failed"" when scaffolding a WebAPI Controller with EF Actions",0
Why I am facing with Docker dotnet 401 error during Mysql setup in dotnet test container?,0
In case of large number of items Context Menu is slowing down WPF application view rendering,0
Validation attribute validates but does not show error message,0
.NET - Wolverine middleware with return value,0
.NET is not recognized,0
Selenium: WhatsApp Web file upload works in normal Chrome but fails in headless mode,0
Is a .NET Core API dll injection possible for trusted assemblies?,0
AWS Lambda Server-Sent Events on .NET with AWS API Gateway,0
How to stop publishing Fault messages,1
How do event callbacks and handlers work in Blazor,0
TimeTrigger Background Task Fails to Launch in WinUI 3 Using CsWinRT COM Server,0
Signing JWT not working: An exception of type 'System.MethodAccessException' occurred,0
.NET 9 C# equivalent of Python re.compile to parse Uri strings,0
"Want VS Code to stop on any exception in my code, but not in external libraries",1
MongoDB .NET Update subdocument using Id string with ArrayFilterDefinition,0
Serializing of polymorphic json in ASP.NET Core 10,0
How to globally reject null for non-nullable reference types in ASP.NET Core 9 Web API with System.Text.Json?,0
How to add animation for stack panel when there is a change from a combobox in wpf c#?,0
Can MMC 2.0 Automation Object Model run MMC32 in 64-bit Windows?,1
WebDAV using SQL storage opens office document in read-only mode,0
How to indicate that a C# field is not null by return value from another getter,0
WPF manipulating the windows.Left property is not moving my window to the desired location,0
Source code generator fails to match attribute declared on class against the actual attribute definition,0
How to create and apply a new layout with _Imports.razor's directives then embed this into existing templated authorization project?,1
How to support Carryless Multiplication operation in .NET 8.0 on various platforms,0
Windows App Forms - System.AccessViolationException Error,0
"Serilog Splunk .NET 8, Splunk stores all messages in one",0
Server access error when building and running Electron.NET application,0
Removing a JSON element that should be an array,0
MAUI ToolbarItem settings text color,0
ASP.NET Core MVC RedirectToAction with error id code to show a message box,0
How to add multiple route conf json in Ocelot?,0
Debugging not working with Blazor WASM app served though MVC app when ran through Docker-Compose,0
Godot Mono with Facepunches Steamworks implementation throws shared object file error,0
Microsoft Graph 5.0 returns null for Me.Drive,0
Error CS9293: Cannot use an extension parameter in this context,0
How do I handle empty files in Blazor Server InputFile after cancelling?,0
Unable to Stop or Reset Local Durable Azure Function Execution (Orchestrator Keeps Resuming Previous State),1
Android .NET application intermittent/unpredictable file I/O,0
.NET 8 Blazor - Equally dynamically sized buttons in a table without JS,0
.NET Visa connection to instrument fails,0
VSTO Outlook Add-in: SDK-style project fails to generate .vsto and .dll.manifest files despite successful compilation,0
Weird blurring / gradient mask effect in safe area on dotnet MAUI maccatalyst,0
WPF Modal Window renders completely white (blank) in Hybrid WinForms application under load,0
Visual Studio 17.14.13 doesn't run MAUI Android apps,0
MAUI WearOs phyiscal button pressed event not triggerd?,0
XmlSerializer error deserializing to XElement in Blazor WebAssembly,0
handling versions of Microsoft.Extensions references in .NET multi target framework packages,0
Failed to Build .NET 9 MAUI Blazor Hybrid APK (Worked in .NET 8),0
Is using #region acceptable to organize 30+ endpoints in a .NET Core Minimal API?,0
New NET9 MAUI project raises an error for iOS,1
Blazor Server + Identity: SignInManager.SignInAsync doesn't persist login (cookie not set),0
.NET 8.0 Avalonia browser application stuck on splash screen,0
HotChocolate ISelection drops child collection JOINs in EF Core when projecting to a view model,1
"Can I ""soft reload"" a Blazor page component without a full browser reload?",0
How to unit test SQL Server User-Defined Table Types against C# classes to ensure property order and compatibility?,0
How do I create connection string with App Registration/Service Principal for a Web API using EF Core app with SQL Server using Microsoft Entra MFA,0
"Blazorize's docs says IToastService will be registered for me, but at runtime it fails because no such service is registered",0
"Is it possible to ""gracefully"" stop a unit test run in Visual Studio?",1
How to upgrade a .Net 4.8 project up to .NET 8.0?,0
ReSharper - custom pattern - add newline,1
.NET ReadFromJsonAsync<List<T>>() throws JsonException when API response contains wrapper object,0
Entity Framework Core queries in an ASP.NET Core application targeting an Azure SQL database are running with wildly different runtimes,0
Getting Azure DevOps MCP server to work with a PersistentAgent in Azure AI Foundry with Microsoft Agent Framework,1
Insert Dynamic files in sourcecode that will update before every build,1
Blazor - StateHasChanged not updating after Radzen Button OnClick,0
How can I read and parse a semicolon-separated file into objects in C# in a clean and readable way?,1
Is it possible to display the parameters from the JSON before I use JsonSerializer.Deserialize?,0
Granular .NET process security control without AppDomain,0
.Net 8 dependency injection using reflection: service with generic method returning Task<>,0
BenchmarkDotNet: OutOfMemoryException when benchmarking parsing a JSON file,0
ASP.NET Core Web API ApiController request is null for POST but files parameter is available,0
Getting CSharpCompilation error diagnostics despite seemingly having all the right settings,0
Prevent filtering out certain rows in Blazor Syncfusion DataGrid,0
"method to show notification in WPF project causes an ""unexpected token error""",0
How to remove .NET framework version from any .config file?,0
Error about a file not being there even when its there under the bin folder,0
An exception was thrown while attempting to evaluate the LINQ query parameter expression,0
WPF XAML Change Default Combobox Color,0
When to stop using await,1
Using Nuget SDK inside IIS Project - Access Denied Error,0
How to handle generic type changing as you move up the call stack when using the result pattern,1
SQL Server connection authentication in Azure DevOps pipeline for .NET seeding data .sln,0
How do I correctly nest multiple partial class files under a Blazor component?,0
Signalr sending requests from hub in .net but response never fires client side,0
"ServicePointManager is obsolete in .NET 9 — how to configure SecurityProtocol (e.g., TLS 1.2/1.3) with HttpClient?",0
How to get rid of the box from the first item of GridView In WinUI3?,1
".NET MAUI: ""Missing default constructor"" error for Page with DI despite DataTemplate and Registrations",0
"Why the project for server side presents in solutions of "".NET MAUI Blazor Hybrid and Web App"" type even in WebAssembly render mode case?",0
invalid username/password logon denied using Oracle.ManagedDataAccess in Blazor Server App,0
"Error with onblur, There is no argument given that corresponds to the required parameter 'e'",0
Exception in C# code when trying to call a stored procedure with encrypted param,0
c# - How to download large files in .NET application?,0
.NET MAUI - Dependency Injection - Constructor is never called,0
WPF Popup using Touch Input,0
"Sending mail using smtp-mail.outlook.com error ""Authentication unsuccessful, basic authentication is disabled""",0
"In app update throwing error ""user cancelled"" when i click on update button in update prompt",0
My WPF app suddenly crashes: Exception Info: System.NotImplementedException,0
My maui android app doesn't upscale properly on different devices,0
How to stop Directory.EnumerateFiles() from silently adding U+FFFD for non-utf8 filenames?,1
.NET Framework 4.7 app fails to load dependency from .NET Standard library due to NuGet selecting different assemblies,0
MAUI C# Listview blank cells,0
Upgrading from .NET framework 4.8 VB.NET project to .NET 10,0
How to refresh a Zoho access token only when expired in a .NET Azure Timer Trigger (Isolated Process)?,0
OIDC Authentication Fails on Public URL Behind Reverse Proxy IIS,0
Deep linking in NET9 MAUI,0
Deploy MAUI app for Android on physical device but not on a emulator,0
"SqlBulkCopy is failing to save records with an error ""The given ColumnMapping does not match up with any column in the source or destination.""",0
How to Inject a .NET managed DLL from a web url into a Unity game,0
How to fix mutable objects inside a copy of IReadOnly copy of a list,0
Error in Azure Functions project in a public class. Changing to a static class is not working,0
Unable to create a 'DbContext' of type 'AppDbContext'. The exception 'Object reference not set to an instance of an object.' was thrown,0
I start integration tests with `dotnet test`. They spawn IIS Express which fails ONLY on CI pipeline if I require code coverage,0
Blazor web app vs Blazor web assembly standalone App,0
How to assert the number of SQL queries EF Core executes in integration tests?,0
Blazor EditForm: Query parameters not binding to DateTime inputs on navigation,0
E_UNEXPECTED(（8000FFFF) error while calling functions on a webview2 element,0
ASP.NET Core file-based application with default serialization causing error,0
CSOM code to connect to SharePoint Online via Azure Active Directory app throws 401 error,0
Deep link error OnCreate for Android in NET9 MAUI,0
"""`ElementReference` is not assignable to parameter type 'object?[]?"" error on `InvokeAsync` method",0
"Opening a new window for logging, and keeping it open for rest of process",1
"In "".NET MAUI Blazor Hybrid and Web App""-type project, got ""An unhandled error has occurred"" in GUI but to error output anywhere",0
How can I resolve issue about BindingExpression in WPF C#?,0
BootstrapBlazor: Validation error inside a Table always appears on the first row,1
Coding a Nested JSON object using Newtonsoft.Json,0
Which authentication approaches are suited with .NET MAUI Blazor Hybrid and Web App without SSR?,0
Why does /Account/Login briefly render then disappear in a .NET 10 Blazor Web App using InteractiveServer and ASP.NET Identity?,0
Unity 6 keeps giving me error from cs.meta file,0
"ServiceBusOutput binding not working in .NET 8 isolated Azure Function, but manual send works",0
"AI Ollama console application, pass an image to the LLM using KernelFunction",1
Unity - mesh generation bug,0
How to get a number pad dialog in a Blazor Server web app,0
How to use the [DefaultValue] attribute to ignore boolean = true properties in JSON serialization,0
Best Practice passing object to component blazor,0
.NET Maui FileSaver not reliably saving a file due to Android/iOS closing the application,0
HttpWebRequest works in WinForms but fails under IIS,0
WPF Command CanExecute is not called with the CommandParameter in DataTemplate,0
.NET Framework SDK project: Launch arguments duplicated for x64 platform,0
What does .NET DateTime Ticks represent when Kind is Unspecified?,0
How to deserialize JSON object with nesting,0
Entity Framework Core replaces 0 with Null - how can I prevent this behaviour?,0
AWSSDK .Net GetObjectAsync hung,0
Receiving FOREIGN KEY constraint error when trying to update database in the EF Core,0
How to access a JSON file in WWWROOT folder of Blazor application?,0
Closing the app and then reopening still uses the same instance of Window in MAUI,0
Is there any way to manipulate the content of the files in a deployed Blazor app (_content folder specifically),0
JsonReaderException: The maximum configured depth of 64 has been exceeded. Cannot read next JSON object. Microsoft.AspNetCore.OpenApi,0
Where does an exception with an empty call stack come from?,0
How can I get Liquid Data Mapper to target .NET 8 and not .NET Framework 4.6.2?,0
Black screen and error sound in Windows 11 Pro kiosk mode,0
Class resets to null after login in MudBlazor because page reloads – how can I persist the user until he logs out?,0
"EF Core migrations fail in .NET 10 with ""Telemetry is: Enabled"" JSON parsing error - telemetry disable not working",0
How do I prevent JSON deserializer converting a date value in a DataSet when the first row is NULL,1
"ILRepack build throws ""Type exists in both ..."" error",0
NLog.Web.AspNetCore not formatting object as JSON,0
Why does the first response in my OpenAI Realtime C# session show cached token usage (cached_input_tokens) even though no prior context exists?,1
"Minimal API: Dictionary<string, string> always null when sending data with IFormFile via multipart/form-data",0
How can I edit text inside Avalonia DataGrid cell and take the new text value of that cell to make a query?,1
Every pptx made with OpenXml prompts a repair by PowerPoint,1
Why is my WPF DataGrid RowDetail ignoring SelectedItem but accepts ItemsSource?,0
Azure Agent Retrieval (Azure AI Search) returns JSON references instead of LLM-generated answer,1
App .NET 9.0 MAUI+ Camera.MAUI.ZXing ver. 1.0.0. Barcode Reader is very slow and read a different values for the same barcode,0
IBM MQ 2059 (MQRC_Q_MGR_NOT_AVAILABLE) error in .NET using XMS with certificate-based SSL setup,0
Postgres 23505 duplicate key exception in EF Core AddOrUpdate (race condition on initial insert),0
Invalid status line exception trying to establish local gRPC connection with Grpc.Net.Client,0
How can I find what is the real error raised in macOS in a MAUI project?,0
"EF Core 9 migration fails on production database copy with ""Cannot release the application lock"" error",0
Generated Blazor components compile but render nothing when created by a Roslyn analyzer,0
.NET MAUI App - How do you play music natively?,0
Json Serialization - Work around for ExpandableObjectConverter,0
.NET Core Razor Page erroneously invoking OnGet when clicking an anchor tag in _Layout.cshtml,0
.NET 9 MAUI Popup custom return raises an error,0
Azure Blob storage failing to download in Maui app (debugging on Windows MAchine),0
.NET 10 Solution Template not applying Solution Folders on SLNX Solutions,0
Implementing plugin architecture pattern in .NET MAUI Blazor Hybrid,1
"Is there an issue with using SkiaSharp, WPF, and .NET Runtime Support (/clr:netcore) together?",0
Blazor Server client side authentication with gRPC,0
WPF InlineUIContainer displaying images incorrectly,0
Validate and decrypt a JWE id_token with JwtSecurityTokenHandler ValidateToken with .NET Framework DotnetNuke,0
"C#, .NET 8 and T4 to load assembly",0
How does TaskCompletionSource work when an exception occurs?,0
CollectionView using C# MAUI for Android Not Showing Anything,0
Send array of objects to .NET controller action,0
"EF Core CLI: ""Unable to create a 'DbContext' of type ''"" error when running migration from multi-project solution",0
await on object method call with nullable syntax throws exception,0
I got exception after adding automatic configuration generation in C# project,0
LDAP search works via ldapsearch over VPN but fails in C# (System.DirectoryServices.Protocols) — connection/auth issue?,0
RTSP stream on Wpf using Gstreamer,0
Blazor not showing spinner when page loads,0
Do collection expressions like [] always create a new object?,1
TCPListener returns error when it disconnects,0
Upgrade Azure Search to Azure AI Search .NET SDK version 11 on .NET Core 3.1,1
"yarn graphql-codegen error "" require() of ES Module Y from Y not supported""",0
"Using YARP, System Web Adapters and AddAuthenticationStateSerialization to authenticate a Blazor application",0
AzureOpenAI deployment Issue,0
Winforms panel not redrawing rectangles properly,0
.NET Avalonia image rendering pure quality,0
.NET migrations with vulnerabilities,0
MongoDB .NET - Updating embedded document in list with filters based on Parent and Child,0
Integrating native Android SDK into a MAUI application,0
"after opening RemoteApp using AxMsRdpClient7NotSafeForScripting, the Input Method Editor (IME) of the RemoteApp window fails to run in exclusive mode",0
AES GCM Encryption error - CKR_MECHANISM_PARAM_INVALID,0
How do I fix the System.AccessViolationException?,0
Minimal Version 10 QR Code Generator in C# for Legacy .NET,0
"In a Blazor project, can I download a file without js interop?",0
Can I embed a .NET console as a widget in a web page,0
Blazor virtualization for items with different sizes,0
How to structure a multi-repository .NET web application,0
WebApplicationBuilder: What triggers launchUrl to actually launch the browser?,1
Automatically tie a UnityEngine.Profiling profiler sample to every method in a class,1
Access denied while deleting in .NET,0
System.Windows.Forms's WebBrowser is garbage collected differently in .NET Framework and Core,0
.NET 9 MAUI and Android: fonts are not displayed,0
Free .NET Maui translator,0
.NET MAUI project – XAML IntelliSense and code-behind stopped working after upgrading to Visual Studio Insider,0
How do I properly implement the logout behavior from the Blazor Identity template into my existing project?,0
Errors persist when rebuilding fixed .NET 9.0 Blazor web app (but not in Incognito),0
Error when using Harmony 2 with MelonLoader: 'Harmony' is a namespace but is used like a type,0
"A valid exception to ""Never touch managed resources in the finalizer""?",0
Why does the round trip from creation of self-signed EC X509Certificate to PEM file to load fails in .NET 9?,0
Code formatting issue after every change in the Razor file,1
ASP.NET Core 8 - Configuration.GetConnectionString() returns null despite appsettings.json setup,0
WPF ComboBox not updating height when items change,0
List<IFormFile> is null for large files. Reproducible at will,0
CORS error when calling RefreshToken from frontend (No 'Access-Control-Allow-Origin' header),0
.NET 8/9 SDKs installed but WPF project shows only .NET Framework 4.8 in Visual Studio,0
"Dapper QueryAsync calling SQL Server stored procedure is 3x slower than SSMS (SP ~6s, C# ~17–19s)",0
Azure Functions SQL trigger delete operation - how to get id of deleted record?,0
.NET 8.0 always returns 403,0
Implementing voip in a MAUI application?,0
What is the Best external dll for AES-GCM encrypt/decrypt for C# .Net 4.8.1,0
Why doesn't cookie authentication work in my Blazor .NET 8 app?,0
How to share values that are split from one property across multiple controls in WPF & C#,0
How to resolve a mismatch in binding an object in a ListView in MAUI,0
How do you apply WPF Fluent theme (+ Application.ThemeMode theme-aware) to a control's Background?,0
Identify the real error in the execution of MAUI for MacCatalyst,0
C# .NET TcpClient.Connect and timeouts,0
PdfiumViewer in c# WPF application,0
Why is casting to object first needed to satisfy the compiler but the compiler also says casting to object was unnecessary,1
Adding new elements to DBSet via LINQ,1
How to return data annotations error message in one string?,0
C# Winforms treeview .NET 10 new feature CompareOptions.NumericOrdering,1
ComboBox SelectedValue cannot be changed from null,0
Azure Function: Unable to Read JSON File After Deployment While Works in Local Environment,0
BackgroundService on Clean Architecture,1
".NET / EF Core / AutoMapper causing PostgreSQL ""invalid input syntax for type json"" error when saving entity",0
.NET iOS: App sporadically crashes after NFC read when returning a large struct (Data). Changing it to a class fixes it — why?,0
Agent never move in the path of the navmesh surface when baking in script. how to make the agent move on the path and not in diagonal on the walls?,1
Why doesn’t ActionResult<T> work in .NET Azure Functions isolated worker model?,0
Get System.Timers.Timer to fire on a WPF Window's thread using the Timer's SynchronizingObject,0
WPF Slider jumps back to old position when seeking in LibVLCSharp MediaPlayer,0
Angular app on Visual Studio 2022 with new build system (ESBuild),1
Why does Apache Ignite throw an exception in .NET 9+?,0
I can't code without the feature of auto complete bt AI,1
How to catch AccessViolationException in .NET 8 and gracefully exit the application?,0
Mouse wheel scrolling on a Winforms panel stops when mouse pointer hovers over richtextbox on listview,0
How to solve Windows .NET MAUI app publish errors?,0
Blazor PDF export : recommendations for radzen dataGrids vs custom HTML/CSS?,0
"Getting ""Headers are read-only, response has already started."" when calling SignInManager.PasswordSignInAsync using the latest version of Blazor",0
"Microsoft Teams Bot (Microsoft 365 Agent SDK) SSO does not show login popup after sign-out, always re-authenticates same account",1
Godot 4.4.1 C# Error 'no suitable method found to override',0
Perform validation across multiple cells during Save in Batch Edit using Syncfusion Blazor Data Grid,0
The NET10 MAUI app crashes in Release: InvalidCastException,0
Can't get two DbContexts to work in same ASP.NET Core solution with EF Core / SQL Server,0
.NET Firebase Send Push Notification Error,0
What is an efficient way to aggregate paginated REST API responses in .NET without loading all pages sequentially?,0
ScrollView on .NET 9 iOS doesn't work (text doesn't show),0
"Not able to bind the data in a servicebus triggered function, .NET 8 isolated model",1
How do I test Blazor Server from Playwright?,0
How can I implement consistent typed error propagation in C# without scattering try/catch across layers?,0
Task.Delay versus custom DispatcherTimer-based delay in WPF,0
"C# Maui passing a reference of 'this' down a code chain in order to use a DisplayAlert, does not display the alert, but awaits a result",0
UnsafeAccessor not updating private field when targeting a struct in .NET 8,0
"How do I correct the error ""No constructor for type 'Int32' has 1 parameters."" that I received from a maui xaml file?",0
How to Force Dark Mode Maui App - Windows,0
Adding a file path to the local storage in the ViewModel MVVM NET MAUI,0
I need help fixing this crouching bug,0
Different result by cast negative double to uint with .NET Framework 4.7.2 and .NET 9.0,0
I cannot scroll vertically in a data grid in a .NET MAUI unless I resize my screen first,1
Fixing error CS0579 when creating a C# library,0
How to make C# code more readable and maintainable when using Dapper and raw SQL queries in C#?,0
OAuth 2.0 error for Google Drive 127.0.0.1 refused to connect,0
Decrypt JWE from OpenID Connect /userinfo endpoint .NET framework,0
Debug SessionState using SQL Server connection error,0
How to fix ERR_INVALID_URL_SCHEME when initializing C# in WebAssembly in node.js?,0
.NET 8 background service not running post RestAPI deployment in IIS,0
How to remedy a persistent security certificate error in an Excel Add-In project,0
.gitignore for .NET MAUI and WinForms projects,0
WinForms (.NET 8): How to open a Form or UserControl from a property in a UserControl (Designer support),0
Finding the source of: A task's exception(s) were not observed either by waiting on the task or accessing its exception property,0
UWP Page leads to Crash on Windows 10 Mobile but works fine on Desktop,0
How to securely implement JWT authentication in a .NET health monitoring app using MySQL?,0
Blazor Server LDAP Authentication Fails with “In order to perform this operation a successful bind must be completed”,0
Firebase Release Monitoring Not Updating for Android in .NET MAUI (net9.0),0
C# WinForms Panel cutting off way too much of controls inside it for no reason,0
Blazor Using Input Control for Date or DateTime,0
